{"supercat_id":{"0":0,"1":1,"2":2,"3":3,"4":4,"5":5,"6":6,"7":7,"8":8,"9":9,"10":10,"11":11,"12":12,"13":13,"14":14,"15":15},"supercategory":{"0":"Urchin","1":"Fish","2":"Sea star","3":"Anemone","4":"Sea cucumber","5":"Feather star","6":"Sea fan","7":"Sea pen","8":"Shrimp","9":"Soft coral","10":"Eel","11":"Squat lobster","12":"Glass sponge","13":"Gastropod","14":"Crab","15":"Worm"},"top_category_id":{"0":160,"1":37,"2":119,"3":10,"4":146,"5":125,"6":203,"7":214,"8":259,"9":211,"10":70,"11":274,"12":174,"13":81,"14":242,"15":283},"cat_id_percentage":{"0":0.9996431439,"1":0.5409383625,"2":0.582983594,"3":0.6232481451,"4":0.682629108,"5":0.9859550562,"6":0.5576923077,"7":0.4508076358,"8":0.4547563805,"9":1.0,"10":0.4011299435,"11":0.9645390071,"12":0.6534653465,"13":0.4502617801,"14":0.7216494845,"15":0.7857142857}}